index,epoch,r@1,r@2,r@4,r@8,NMI,lr,scl_x,scl_p,sz_emb,seed,edition,torch version
0,0,0.4293511394977501,0.5195819422267383,0.6133546233125272,0.7024822180287414,0.2794347328905752,1,1.0,1.0,64.0,0,0,1.1.0
0,1,0.3930904340252577,0.4865147336333285,0.5862098998403251,0.6798664537668747,0.2618946071439379,1,1.0,1.0,64.0,0,0,1.1.0
0,2,0.3799100014515895,0.4661344171868196,0.56513282043838,0.661837712294963,0.2566277596465861,1,1.0,1.0,64.0,0,0,1.1.0
0,3,0.3625489911453041,0.4544636376832632,0.5520685150239513,0.6509217593264625,0.24126118229297544,1,1.0,1.0,64.0,0,0,1.1.0
0,4,0.3633909130497896,0.4555378139062273,0.5581071273043983,0.6567571490782407,0.24508610947034026,1,1.0,1.0,64.0,0,0,1.1.0
0,5,0.36222964145739583,0.4502540281608361,0.5483814777181013,0.6471185948613732,0.2416169017217908,1,1.0,1.0,64.0,0,0,1.1.0
0,6,0.3601974161707069,0.45283785745391203,0.5499782261576426,0.6500508056321672,0.2509366755720703,1,1.0,1.0,64.0,0,0,1.1.0
0,7,0.3525910872405284,0.4413412686892147,0.5425170561765132,0.6414573958484541,0.24277298587374746,1,1.0,1.0,64.0,0,0,1.1.0
0,8,0.3563071563361881,0.4431412396574249,0.5409493395267818,0.6395703295108144,0.2439383335415172,1,1.0,1.0,64.0,0,0,1.1.0
0,9,0.3426622151255625,0.4307156336188126,0.5284947016983597,0.6311220786761503,0.23655759845019905,1,1.0,1.0,64.0,0,0,1.1.0
0,10,0.34858470024677024,0.4374510088546959,0.5376977790680796,0.6381187400203222,0.2446049019168268,1,1.0,1.0,64.0,0,0,1.1.0
0,11,0.34283640586442155,0.4323994774277834,0.5310785309914356,0.6294672666569894,0.2322377698748693,1,1.0,1.0,64.0,0,0,1.1.0
0,12,0.3415590071127885,0.4303382203512847,0.5287269560168384,0.6293221077079402,0.2353658749248869,1,1.0,1.0,64.0,0,0,1.1.0
0,13,0.3361590942081579,0.4249383074466541,0.5222818986790536,0.6229060821599651,0.2345484515279949,1,1.0,1.0,64.0,0,0,1.1.0
0,14,0.3412106256350704,0.4243286398606474,0.5227754391058209,0.6235738133255915,0.2326612996146556,1,1.0,1.0,64.0,0,0,1.1.0
0,15,0.3348526636667151,0.4224706053128176,0.5190013064305414,0.6179416461024823,0.2263307598191627,1,1.0,1.0,64.0,0,0,1.1.0
0,16,0.3296850050805632,0.4191029176948759,0.5171432718827116,0.6150094353316882,0.22707390867837265,1,1.0,1.0,64.0,0,0,1.1.0
0,17,0.3378719698069386,0.4240963855421687,0.5205109595006532,0.6202351574974597,0.23685818964971225,1,1.0,1.0,64.0,0,0,1.1.0
0,18,0.31981419654521703,0.4051966903759617,0.5036144578313253,0.6042676731020468,0.21701809603444602,1,1.0,1.0,64.0,0,0,1.1.0
0,19,0.31859486137320364,0.40496443605748295,0.5037886485701843,0.6066482798664538,0.2203511583926809,1,1.0,1.0,64.0,0,0,1.1.0
1,0,0.4693569458557121,0.5601974161707071,0.6506024096385542,0.7364203803164465,0.288656096385769,1,1.0,3.0,64.0,0,0,1.1.0
1,1,0.4646537959065176,0.5538684859921614,0.6448541152562055,0.7294527507620845,0.2819714507048384,1,1.0,3.0,64.0,0,0,1.1.0
1,2,0.4652053999129046,0.55412977210045,0.6427928581797068,0.727710843373494,0.28681908056858063,1,1.0,3.0,64.0,0,0,1.1.0
1,3,0.4519959355494266,0.5413557845841196,0.6288285672811729,0.7145884743794455,0.2683575613435558,1,1.0,3.0,64.0,0,0,1.1.0
1,4,0.4560603861228045,0.5455653941065467,0.6333284947016984,0.7210044999274206,0.26865326298364645,1,1.0,3.0,64.0,0,0,1.1.0
1,5,0.4609377268108579,0.5512265931194659,0.6399477427783423,0.7264624764116708,0.2761104339725656,1,1.0,3.0,64.0,0,0,1.1.0
1,6,0.4425315720714182,0.5311365945710553,0.62200609667586,0.7094788793729133,0.25267659845175033,1,1.0,3.0,64.0,0,0,1.1.0
1,7,0.4518507766003774,0.5417912614312672,0.6301059660328059,0.7151110465960226,0.2717181817480992,1,1.0,3.0,64.0,0,0,1.1.0
1,8,0.4374510088546959,0.5240528378574539,0.6165771519814196,0.7042531572071418,0.2506981156815513,1,1.0,3.0,64.0,0,0,1.1.0
1,9,0.4484540571926259,0.5361300624183479,0.6240383219625489,0.7110175642328349,0.26106811574502303,1,1.0,3.0,64.0,0,0,1.1.0
1,10,0.43936710698214543,0.524401219335172,0.6159965161852228,0.6996371026273771,0.25679853286010823,1,1.0,3.0,64.0,0,0,1.1.0
1,11,0.4253447525039919,0.5110175642328351,0.6031934968790826,0.6915662650602409,0.2446661640415632,1,1.0,3.0,64.0,0,0,1.1.0
1,12,0.4311220786761504,0.5174916533604297,0.6087966323123821,0.6985919581942227,0.2498696863754104,1,1.0,3.0,64.0,0,0,1.1.0
1,13,0.4283640586442154,0.5165626360865148,0.6057482943823487,0.6953403977355204,0.24670845051410964,1,1.0,3.0,64.0,0,0,1.1.0
1,14,0.4276092321091595,0.5145013790100159,0.6047321817390042,0.6935113949775004,0.24465319724585,1,1.0,3.0,64.0,0,0,1.1.0
1,15,0.4217448105675715,0.5081143852518508,0.5999419364203803,0.686427638263899,0.2383646520575222,1,1.0,3.0,64.0,0,0,1.1.0
1,16,0.4239221948033096,0.5092175932646248,0.5983742197706489,0.685150239512266,0.24360497381552,1,1.0,3.0,64.0,0,0,1.1.0
1,17,0.4111482072869793,0.4958920017419074,0.5853970097256496,0.6735375235883292,0.2280223675442249,1,1.0,3.0,64.0,0,0,1.1.0
1,18,0.4009870808535346,0.4839309043402526,0.5726810857889388,0.6622441573523008,0.2292044712334167,1,1.0,3.0,64.0,0,0,1.1.0
1,19,0.4101030628538249,0.4932210770794019,0.5812164319930324,0.6706343446073451,0.2326308018189313,1,1.0,3.0,64.0,0,0,1.1.0
2,0,0.4591087240528378,0.5501524168965016,0.6440992887211496,0.7346494411380462,0.28951784669445096,1,1.0,8.0,64.0,0,0,1.1.0
2,1,0.46494411380461603,0.5567716649731456,0.6486572797212948,0.7362752213673973,0.2896988229224812,1,1.0,8.0,64.0,0,0,1.1.0
2,2,0.4805922485121208,0.5695166206996661,0.6610538539700973,0.7440267092466251,0.2909823295231655,1,1.0,8.0,64.0,0,0,1.1.0
2,3,0.4798664537668747,0.5683553491072725,0.6587603425751197,0.7430396283930905,0.29835614425432505,1,1.0,8.0,64.0,0,0,1.1.0
2,4,0.4793438815502976,0.5683553491072725,0.6560603861228045,0.7423138336478444,0.29015174368491403,1,1.0,8.0,64.0,0,0,1.1.0
2,5,0.4841631586587313,0.5739875163303818,0.6641021919001306,0.7480911598200028,0.299324174711609,1,1.0,8.0,64.0,0,0,1.1.0
2,6,0.4917404557991,0.5808390187255045,0.6672085934097837,0.7491653360429671,0.3077145880473406,1,1.0,8.0,64.0,0,0,1.1.0
2,7,0.4769632747858906,0.5637102627376978,0.6503411235302656,0.7345913775584265,0.2871211810457777,1,1.0,8.0,64.0,0,0,1.1.0
2,8,0.480563216722311,0.5710553055595877,0.660357091014661,0.7417622296414574,0.2986166257402786,1,1.0,8.0,64.0,0,0,1.1.0
2,9,0.480011612715924,0.5699230657570039,0.6565248947597621,0.7377558426476992,0.2954469338556577,1,1.0,8.0,64.0,0,0,1.1.0
2,10,0.4832922049644361,0.5710843373493976,0.6586732472056902,0.7407751487879227,0.2925586550622585,1,1.0,8.0,64.0,0,0,1.1.0
2,11,0.4739730004354769,0.5631005951516911,0.6518217448105675,0.735055886195384,0.2843903830604759,1,1.0,8.0,64.0,0,0,1.1.0
2,12,0.4784729278560023,0.5653941065466686,0.6506604732181739,0.7324139933226883,0.28583396176315085,1,1.0,8.0,64.0,0,0,1.1.0
2,13,0.4749891130788213,0.5613296559732908,0.6471476266511831,0.7304978951952388,0.2814827012994593,1,1.0,8.0,64.0,0,0,1.1.0
2,14,0.4666860211932066,0.5538975177819713,0.643112207867615,0.7280011612715924,0.2771969849822511,1,1.0,8.0,64.0,0,0,1.1.0
2,15,0.4679924517346494,0.5536652634634925,0.6396864566700537,0.7244883147046015,0.2772546124897212,1,1.0,8.0,64.0,0,0,1.1.0
2,16,0.4629118885179272,0.5499491943678327,0.637247786326027,0.7226593119465815,0.27419297592393915,1,1.0,8.0,64.0,0,0,1.1.0
2,17,0.4563797358107127,0.5392364639280012,0.627899550007258,0.7149078240673538,0.26827369313517624,1,1.0,8.0,64.0,0,0,1.1.0
2,18,0.4604151545942807,0.5449847583103499,0.6313833647844389,0.7184787342139642,0.2743924022667747,1,1.0,8.0,64.0,0,0,1.1.0
2,19,0.4630280156771665,0.5480330962403832,0.6331833357526492,0.7159529685005079,0.2759296371892221,1,1.0,8.0,64.0,0,0,1.1.0
3,0,0.4679924517346494,0.5601103208012774,0.6502249963710263,0.73578168094063,0.27814500715632,1,3.0,1.0,64.0,0,0,1.1.0
3,1,0.4551313688488896,0.5448395993613007,0.6340833212367543,0.7208303091885615,0.27288910401970035,1,3.0,1.0,64.0,0,0,1.1.0
3,2,0.4601248366961823,0.5523298011322398,0.6409348236318769,0.7279430976919727,0.27463797033902204,1,3.0,1.0,64.0,0,0,1.1.0
3,3,0.4656118449702424,0.556684569603716,0.6454057192625925,0.7289592103353172,0.27330477066985404,1,3.0,1.0,64.0,0,0,1.1.0
3,4,0.4407316011032079,0.5257947452460444,0.6145739584845406,0.7025983451879808,0.25580281319142817,1,3.0,1.0,64.0,0,0,1.1.0
3,5,0.4537378429380171,0.5428364058644215,0.6329510814341704,0.7183626070547249,0.2652181997840317,1,3.0,1.0,64.0,0,0,1.1.0
3,6,0.4511540136449412,0.5393525910872405,0.6278414864276383,0.7141529975322979,0.2736598451332986,1,3.0,1.0,64.0,0,0,1.1.0
3,7,0.4507475685876034,0.5397009725649586,0.6295543620264189,0.7142400929017274,0.26177313105851624,1,3.0,1.0,64.0,0,0,1.1.0
3,8,0.44883147046015387,0.533749455653941,0.6214544926694731,0.7056466831180143,0.25503274724981595,1,3.0,1.0,64.0,0,0,1.1.0
3,9,0.4384671214980404,0.5251560458702279,0.6148642763826391,0.7017564232834954,0.2570496414313384,1,3.0,1.0,64.0,0,0,1.1.0
3,10,0.4291188851792713,0.5149078240673538,0.6042967048918566,0.6930759181303527,0.24764285557215035,1,3.0,1.0,64.0,0,0,1.1.0
3,11,0.4313253012048193,0.5167368268253738,0.6072289156626506,0.6935404267673102,0.2434543984144568,1,3.0,1.0,64.0,0,0,1.1.0
3,12,0.4337059079692263,0.5218754536217157,0.6118159384526056,0.6954274931049499,0.252488088386447,1,3.0,1.0,64.0,0,0,1.1.0
3,13,0.4201190303382204,0.5053853970097256,0.596516185222819,0.6843954129772101,0.2348457568443909,1,3.0,1.0,64.0,0,0,1.1.0
3,14,0.424589925968936,0.5111046596022645,0.6004354768471476,0.6881405138626796,0.23960456430927385,1,3.0,1.0,64.0,0,0,1.1.0
3,15,0.41434170416606186,0.4983016402961243,0.5863260269995645,0.6762955436202642,0.22872247019601435,1,3.0,1.0,64.0,0,0,1.1.0
3,16,0.41727391493685584,0.4986790535636522,0.5879808390187256,0.6760342575119757,0.2279258461476821,1,3.0,1.0,64.0,0,0,1.1.0
3,17,0.4115546523443169,0.4959790971113369,0.5817099724197997,0.6746407316011032,0.2262094647993797,1,3.0,1.0,64.0,0,0,1.1.0
3,18,0.4061547394396864,0.4896501669327914,0.577790680795471,0.6662795761358687,0.2270491278945277,1,3.0,1.0,64.0,0,0,1.1.0
3,19,0.3966032805922485,0.4786761503846712,0.5678618086805052,0.658528088256641,0.22204021216123826,1,3.0,1.0,64.0,0,0,1.1.0
4,0,0.4566119901291914,0.5489621135142981,0.6420380316446509,0.7310204674118159,0.2873724148268823,1,3.0,3.0,64.0,0,0,1.1.0
4,1,0.4705472492379155,0.560923210915953,0.6537088111482073,0.7403396719407751,0.2998978656376898,1,3.0,3.0,64.0,0,0,1.1.0
4,2,0.4691537233270432,0.5591813035273625,0.652286253447525,0.7410654666860212,0.2888995309538105,1,3.0,3.0,64.0,0,0,1.1.0
4,3,0.4799535491363043,0.5725068950500798,0.6632602699956452,0.7501814486863115,0.30629861672529857,1,3.0,3.0,64.0,0,0,1.1.0
4,4,0.4736826825373784,0.5651037886485701,0.6537088111482073,0.7419944839599362,0.28616925771420604,1,3.0,3.0,64.0,0,0,1.1.0
4,5,0.4855857163594136,0.5780229351139498,0.6696762955436203,0.7520104514443315,0.298852589048235,1,3.0,3.0,64.0,0,0,1.1.0
4,6,0.479082595442009,0.5705907969226303,0.6613151400783859,0.748062128030193,0.2943419563553729,1,3.0,3.0,64.0,0,0,1.1.0
4,7,0.4832341413848164,0.5738713891711424,0.6646537959065176,0.7476266511830454,0.29837495823413,1,3.0,3.0,64.0,0,0,1.1.0
4,8,0.484598635505879,0.576513282043838,0.6666279576135868,0.7527652779793874,0.3027085635032644,1,3.0,3.0,64.0,0,0,1.1.0
4,9,0.4763826389896938,0.5664973145594426,0.6564377993903324,0.7412977210045,0.28741911828316435,1,3.0,3.0,64.0,0,0,1.1.0
4,10,0.4776890695311366,0.5662650602409639,0.6541152562055451,0.7372332704311221,0.2940947198253597,1,3.0,3.0,64.0,0,0,1.1.0
4,11,0.4809406299898389,0.5710262737697779,0.6593119465815067,0.7417622296414574,0.2892487953808042,1,3.0,3.0,64.0,0,0,1.1.0
4,12,0.4715343300914501,0.5589200174190739,0.6482798664537669,0.7329075337494556,0.2840112920229016,1,3.0,3.0,64.0,0,0,1.1.0
4,13,0.465698940339672,0.5551168529539846,0.6457831325301204,0.7319204528959209,0.2820730419828308,1,3.0,3.0,64.0,0,0,1.1.0
4,14,0.4635215561039338,0.5505298301640296,0.6394251705617652,0.724023806067644,0.26904800761121783,1,3.0,3.0,64.0,0,0,1.1.0
4,15,0.4609667586006677,0.548439541297721,0.6387574393961388,0.7237044563797358,0.26988225217326034,1,3.0,3.0,64.0,0,0,1.1.0
4,16,0.4625925388300189,0.5496298446799245,0.6353316881985774,0.7230657570039193,0.2700501565494186,1,3.0,3.0,64.0,0,0,1.1.0
4,17,0.4598635505878938,0.5485556684569604,0.6362897372623022,0.7246625054434606,0.2707568606354312,1,3.0,3.0,64.0,0,0,1.1.0
4,18,0.4591667876324576,0.5446944404122515,0.6356510378864857,0.7201335462331253,0.2638981302088294,1,3.0,3.0,64.0,0,0,1.1.0
4,19,0.4478734213964291,0.5309333720423864,0.6195093627522137,0.7074176222964146,0.259222986928036,1,3.0,3.0,64.0,0,0,1.1.0
5,0,0.4647989548555668,0.5558426476992306,0.6524894759761939,0.7406590216286834,0.2879892060804501,1,8.0,1.0,64.0,0,0,1.1.0
5,1,0.4807374074611699,0.570445637973581,0.66053128175352,0.7451879808390187,0.30060026019441466,1,8.0,1.0,64.0,0,0,1.1.0
5,2,0.4742342865437654,0.5657424880243868,0.6569313398170997,0.7448105675714908,0.2946929030175177,1,8.0,1.0,64.0,0,0,1.1.0
5,3,0.4743794454928146,0.5638844534765568,0.6578603570910146,0.7422557700682247,0.28741805563513045,1,8.0,1.0,64.0,0,0,1.1.0
5,4,0.4878792277543911,0.579068079547104,0.66790535636522,0.7495717811003049,0.3051574478988244,1,8.0,1.0,64.0,0,0,1.1.0
5,5,0.4909565974742343,0.5801422557700682,0.6687472782697054,0.7520104514443315,0.30820756277267153,1,8.0,1.0,64.0,0,0,1.1.0
5,6,0.4901437073595587,0.5791551749165336,0.6698214544926695,0.7499491943678328,0.299098350309513,1,8.0,1.0,64.0,0,0,1.1.0
5,7,0.4786471185948614,0.5679489040499347,0.6577442299317753,0.7392654957178109,0.28831700227326823,1,8.0,1.0,64.0,0,0,1.1.0
5,8,0.48256641021919,0.5717811003048338,0.6608215996516186,0.7473943968645667,0.2962583551358377,1,8.0,1.0,64.0,0,0,1.1.0
5,9,0.4841050950791117,0.5726810857889388,0.6637538104224125,0.7440267092466251,0.29759293687644,1,8.0,1.0,64.0,0,0,1.1.0
5,10,0.4758890985629264,0.5640005806357962,0.6546378284221223,0.7391493685585716,0.2896074465080209,1,8.0,1.0,64.0,0,0,1.1.0
5,11,0.4796922630280157,0.5671069821454493,0.6544636376832632,0.7397300043547684,0.2817835242344701,1,8.0,1.0,64.0,0,0,1.1.0
5,12,0.4678763245754101,0.5550297575845551,0.6430251124981855,0.7300624183480912,0.2798260744594305,1,8.0,1.0,64.0,0,0,1.1.0
5,13,0.4731310785309914,0.5620844825083466,0.6487734068805342,0.7309043402525766,0.2809304378851647,1,8.0,1.0,64.0,0,0,1.1.0
5,14,0.4673827841486428,0.5536362316736827,0.6415444912178836,0.7256495862969952,0.27846881214103386,1,8.0,1.0,64.0,0,0,1.1.0
5,15,0.4623022209319205,0.5502395122659312,0.6413703004790245,0.7241689650166933,0.27212916460698466,1,8.0,1.0,64.0,0,0,1.1.0
5,16,0.4628828567281173,0.551197561329656,0.6385542168674698,0.7226593119465815,0.2759894319791059,1,8.0,1.0,64.0,0,0,1.1.0
5,17,0.4668892437218754,0.552852373348817,0.6393961387719553,0.7224851212077225,0.2764262885738349,1,8.0,1.0,64.0,0,0,1.1.0
5,18,0.4568152126578604,0.5451589490492089,0.6317898098417768,0.7153723327043112,0.2659233853971827,1,8.0,1.0,64.0,0,0,1.1.0
5,19,0.459079692263028,0.5450718536797794,0.6322252866889244,0.7177239076789084,0.2709347632541025,1,8.0,1.0,64.0,0,0,1.1.0
6,0,0.4303382203512847,0.5222238350994339,0.6204093482363188,0.7117433589780809,,1,3.0,8.0,64.0,0,0,1.1.0
6,1,0.4567861808680505,0.5514298156481348,0.6441573523007693,0.7360139352591087,,1,3.0,8.0,64.0,0,0,1.1.0
6,2,0.4611119175497169,0.5517781971258529,0.6449121788358252,0.7340978371316592,,1,3.0,8.0,64.0,0,0,1.1.0
6,3,0.4654086224415736,0.5586587313107854,0.6512991725939904,0.7380751923356075,,1,3.0,8.0,64.0,0,0,1.1.0
6,4,0.4681085788938888,0.5617361010306285,0.6538249383074467,0.7400203222528668,,1,3.0,8.0,64.0,0,0,1.1.0
6,5,0.4749020177093918,0.5687617941646103,0.6573087530846277,0.7448686311511105,,1,3.0,8.0,64.0,0,0,1.1.0
6,6,0.4741471911743359,0.5640005806357962,0.6562055450718537,0.7445202496733924,,1,3.0,8.0,64.0,0,0,1.1.0
6,7,0.4709827260850632,0.5605748294382349,0.6512991725939904,0.7401654812019159,,1,3.0,8.0,64.0,0,0,1.1.0
6,8,0.4731601103208013,0.5623748004064449,0.652286253447525,0.7393235592974307,,1,3.0,8.0,64.0,0,0,1.1.0
6,9,0.4738859050660473,0.5630425315720714,0.6518217448105675,0.7415590071127885,,1,3.0,8.0,64.0,0,0,1.1.0
6,10,0.4740020322252867,0.5644941210625635,0.6546958920017419,0.7439686456670054,,1,3.0,8.0,64.0,0,0,1.1.0
6,11,0.4640150965307011,0.5547104078966468,0.6455508782116417,0.7343010596603281,,1,3.0,8.0,64.0,0,0,1.1.0
6,12,0.4576571345623458,0.5483234141384816,0.6397735520394833,0.7289301785455073,,1,3.0,8.0,64.0,0,0,1.1.0
6,13,0.4674698795180723,0.5574103643489621,0.6497895195238786,0.7383074466540862,,1,3.0,8.0,64.0,0,0,1.1.0
6,14,0.458179706778923,0.5476556829728553,0.6387864711859487,0.7284656699085499,,1,3.0,8.0,64.0,0,0,1.1.0
7,0,0.4047612135288141,0.4930759181303527,0.591929162432864,0.6918856147481492,,1,8.0,3.0,64.0,0,0,1.1.0
7,1,0.4328059224851212,0.5238786471185949,0.621106111191755,0.7148497604877341,,1,8.0,3.0,64.0,0,0,1.1.0
7,2,0.4403832196254899,0.5287850195964581,0.6270285963129627,0.7239367106982145,,1,8.0,3.0,64.0,0,0,1.1.0
7,3,0.4605603135433299,0.5525910872405284,0.6457831325301204,0.7372042386413122,,1,8.0,3.0,64.0,0,0,1.1.0
7,4,0.4655828131804326,0.5575264915082014,0.6497895195238786,0.7375816519088402,,1,8.0,3.0,64.0,0,0,1.1.0
7,5,0.4707504717665844,0.5640005806357962,0.6538539700972565,0.7434751052402381,,1,8.0,3.0,64.0,0,0,1.1.0
7,6,0.4630280156771665,0.5542168674698795,0.645318623893163,0.7327914065902162,,1,8.0,3.0,64.0,0,0,1.1.0
7,7,0.4604441863840906,0.5520685150239513,0.6454347510524023,0.7347655682972856,,1,8.0,3.0,64.0,0,0,1.1.0
7,8,0.4629699520975468,0.5532007548265351,0.6434025257657134,0.7299753229786616,,1,8.0,3.0,64.0,0,0,1.1.0
7,9,0.4672956887792133,0.5571200464508637,0.6506604732181739,0.7365365074756859,,1,8.0,3.0,64.0,0,0,1.1.0
7,10,0.4633183335752649,0.5541878356800697,0.646799245173465,0.7359268398896792,,1,8.0,3.0,64.0,0,0,1.1.0
7,11,0.4610538539700973,0.5496008128901146,0.642938017128756,0.7271882711569169,,1,8.0,3.0,64.0,0,0,1.1.0
7,12,0.4632893017854551,0.5543039628393089,0.645318623893163,0.7320656118449702,,1,8.0,3.0,64.0,0,0,1.1.0
7,13,0.4530991435622006,0.5428073740746117,0.6357961968355349,0.7260560313543329,,1,8.0,3.0,64.0,0,0,1.1.0
7,14,0.4605893453331398,0.5524168965016694,0.6419509362752214,0.7297721004499927,,1,8.0,3.0,64.0,0,0,1.1.0
8,0,0.2514733633328495,0.3145884743794455,0.4006386993758165,0.5173174626215706,,1,8.0,8.0,64.0,0,0,1.1.0
8,1,0.3115401364494121,0.3888517927130208,0.4818696472637538,0.5957613586877631,,1,8.0,8.0,64.0,0,0,1.1.0
8,2,0.3788648570184352,0.4652634634925243,0.5645231528523733,0.6690085643779939,,1,8.0,8.0,64.0,0,0,1.1.0
8,3,0.408448250834664,0.4966758600667731,0.59448395993613,0.6945565394106546,,1,8.0,8.0,64.0,0,0,1.1.0
8,4,0.4190738859050661,0.5086079256786181,0.6052547539555814,0.7039918710988532,,1,8.0,8.0,64.0,0,0,1.1.0
8,5,0.43486717956162,0.5254463637683263,0.6207867615038467,0.7140078385832487,,1,8.0,8.0,64.0,0,0,1.1.0
8,6,0.4431702714472347,0.5343591232399477,0.627899550007258,0.7194948468573088,,1,8.0,8.0,64.0,0,0,1.1.0
8,7,0.4429670489185658,0.5344462186093772,0.6272027870518218,0.7200464508636958,,1,8.0,8.0,64.0,0,0,1.1.0
8,8,0.448628247931485,0.5407461169981129,0.6343446073450428,0.7245754100740309,,1,8.0,8.0,64.0,0,0,1.1.0
8,9,0.4477282624473799,0.5399041950936275,0.6353026564087676,0.7279721294817826,,1,8.0,8.0,64.0,0,0,1.1.0
8,10,0.43997677456815215,0.5294817825518944,0.6241544491217884,0.7149949194367833,,1,8.0,8.0,64.0,0,0,1.1.0
8,11,0.4409348236318769,0.5320075482653506,0.6263898969371462,0.7163594135578458,,1,8.0,8.0,64.0,0,0,1.1.0
8,12,0.4400058063579621,0.5289301785455073,0.6244157352300771,0.7174626215706198,,1,8.0,8.0,64.0,0,0,1.1.0
8,13,0.4379735810712729,0.5268398896791987,0.62200609667586,0.714675569748875,,1,8.0,8.0,64.0,0,0,1.1.0
8,14,0.4307736971984323,0.5199303237044564,0.6134126868921469,0.7064595732326898,,1,8.0,8.0,64.0,0,0,1.1.0
9,0,0.4057773261721585,0.4989693714617506,0.5952968500508057,0.6903469298882277,,10,1.0,1.0,64.0,0,0,1.1.0
9,1,0.3889098562926405,0.4809406299898389,0.5814486863115111,0.6764987661489331,,10,1.0,1.0,64.0,0,0,1.1.0
9,2,0.3769487588909856,0.4695311365945711,0.5682101901582233,0.6639280011612716,,10,1.0,1.0,64.0,0,0,1.1.0
9,3,0.3713165916678763,0.4613441718681957,0.5600522572216577,0.6572797212948178,,10,1.0,1.0,64.0,0,0,1.1.0
9,4,0.3565684424444767,0.448802438670344,0.5505007983742197,0.6479314849760488,,10,1.0,1.0,64.0,0,0,1.1.0
9,5,0.3625489911453041,0.4530701117723908,0.5558136159094208,0.6552474960081289,,10,1.0,1.0,64.0,0,0,1.1.0
9,6,0.3573232689795326,0.4474379445492815,0.5445783132530121,0.6427638263898969,,10,1.0,1.0,64.0,0,0,1.1.0
9,7,0.35950065321527075,0.4456089417912614,0.5474814922339962,0.6456670053708811,,10,1.0,1.0,64.0,0,0,1.1.0
9,8,0.3441428364058644,0.4325736681666425,0.5274495572652054,0.6274060095804906,,10,1.0,1.0,64.0,0,0,1.1.0
9,9,0.3481782551894324,0.43672521410944987,0.5376397154884599,0.6381768035999419,,10,1.0,1.0,64.0,0,0,1.1.0
9,10,0.3397880679343881,0.4273769777906808,0.5285237334881695,0.6312672376251995,,10,1.0,1.0,64.0,0,0,1.1.0
9,11,0.3470460153868486,0.4346058934533314,0.5357236173610103,0.6356220060966759,,10,1.0,1.0,64.0,0,0,1.1.0
9,12,0.34022354478153577,0.4265060240963856,0.5235012338510671,0.6242125127014081,,10,1.0,1.0,64.0,0,0,1.1.0
9,13,0.3230947887937292,0.4090288866308608,0.5059079692263028,0.6081289011467557,,10,1.0,1.0,64.0,0,0,1.1.0
9,14,0.34254608796632313,0.4311220786761504,0.5296850050805633,0.6308317607780519,,10,1.0,1.0,64.0,0,0,1.1.0
10,0,0.4650312091740456,0.5547975032660764,0.644767019886776,0.732646247641167,,10,1.0,3.0,64.0,0,0,1.1.0
10,1,0.4614312672376252,0.5531136594571056,0.6430541442879953,0.7290753374945566,,10,1.0,3.0,64.0,0,0,1.1.0
10,2,0.4530701117723908,0.5413557845841196,0.6305995064595732,0.7149368558571636,,10,1.0,3.0,64.0,0,0,1.1.0
10,3,0.463492524314124,0.5519233560749021,0.6440992887211496,0.7273624618957759,,10,1.0,3.0,64.0,0,0,1.1.0
10,4,0.4480185803454783,0.5369719843228336,0.627347946000871,0.7145594425896357,,10,1.0,3.0,64.0,0,0,1.1.0
10,5,0.4524023806067644,0.541820293221077,0.6321381913194949,0.7193496879082596,,10,1.0,3.0,64.0,0,0,1.1.0
10,6,0.432660763536072,0.518710988532443,0.6065321527072144,0.6951081434170416,,10,1.0,3.0,64.0,0,0,1.1.0
10,7,0.4407025693133982,0.5251560458702279,0.6175932646247642,0.7050950791116273,,10,1.0,3.0,64.0,0,0,1.1.0
10,8,0.4431993032370445,0.5303817680359995,0.6213093337204239,0.7084917985193787,,10,1.0,3.0,64.0,0,0,1.1.0
10,9,0.4398025838292931,0.5240818696472638,0.6147191174335898,0.7029176948758891,,10,1.0,3.0,64.0,0,0,1.1.0
10,10,0.43158658731310784,0.5138336478443896,0.6040934823631877,0.6940629989838873,,10,1.0,3.0,64.0,0,0,1.1.0
10,11,0.42975758455508783,0.5163884453476557,0.6075482653505588,0.6966177964871534,,10,1.0,3.0,64.0,0,0,1.1.0
10,12,0.4307736971984323,0.5164174771374656,0.6044708956307157,0.693221077079402,,10,1.0,3.0,64.0,0,0,1.1.0
10,13,0.42609957903904777,0.5103498330672086,0.5998838728407606,0.6886050224996371,,10,1.0,3.0,64.0,0,0,1.1.0
10,14,0.41367397300043546,0.4996080708375672,0.5886776019741617,0.6777181013209465,,10,1.0,3.0,64.0,0,0,1.1.0
11,0,0.4460153868485992,0.5359268398896792,0.6301640296124256,0.7243141239657425,,10,1.0,8.0,64.0,0,0,1.1.0
11,1,0.4650892727536653,0.5541878356800697,0.6483088982435767,0.7353752358832922,,10,1.0,8.0,64.0,0,0,1.1.0
11,2,0.4705762810277254,0.5625780229351139,0.6560603861228045,0.7428364058644216,,10,1.0,8.0,64.0,0,0,1.1.0
11,3,0.4706924081869647,0.5608361155465235,0.653766874727827,0.7409783713165917,,10,1.0,8.0,64.0,0,0,1.1.0
11,4,0.4842502540281609,0.5739004209609523,0.6645376687472783,0.7497459718391639,,10,1.0,8.0,64.0,0,0,1.1.0
11,5,0.4767019886776021,0.5652779793874292,0.6556829728552765,0.7420815793293657,,10,1.0,8.0,64.0,0,0,1.1.0
11,6,0.4826825373784294,0.5752068515023951,0.6636667150529829,0.749368558571636,,10,1.0,8.0,64.0,0,0,1.1.0
11,7,0.4719407751487879,0.5599070982726085,0.6532152707214399,0.7403106401509653,,10,1.0,8.0,64.0,0,0,1.1.0
11,8,0.4821019015822325,0.5694585571200464,0.6608796632312383,0.7443750907243432,,10,1.0,8.0,64.0,0,0,1.1.0
11,9,0.4771374655247496,0.5679198722601249,0.6593990419509362,0.7440847728262447,,10,1.0,8.0,64.0,0,0,1.1.0
11,10,0.4791696908114385,0.5652489475976193,0.6540571926259254,0.7403106401509653,,10,1.0,8.0,64.0,0,0,1.1.0
11,11,0.4762955436202642,0.5635941355784584,0.6565829583393816,0.737988096966178,,10,1.0,8.0,64.0,0,0,1.1.0
11,12,0.4685730875308463,0.5558716794890405,0.6479605167658586,0.7343010596603281,,10,1.0,8.0,64.0,0,0,1.1.0
11,13,0.4708085353462041,0.5588329220496444,0.6481347075047177,0.7321236754245899,,10,1.0,8.0,64.0,0,0,1.1.0
11,14,0.4634054289446944,0.5487588909856292,0.6384961532878501,0.7241689650166933,,10,1.0,8.0,64.0,0,0,1.1.0
12,0,0.4757439396138772,0.5649876614893308,0.6549281463202207,0.7392364639280011,,10,3.0,1.0,64.0,0,0,1.1.0
12,1,0.4621570619828713,0.5527652779793875,0.6425025402816084,0.725852808825664,,10,3.0,1.0,64.0,0,0,1.1.0
12,2,0.4536217157787778,0.5439686456670054,0.6364929597909711,0.7212367542458993,,10,3.0,1.0,64.0,0,0,1.1.0
12,3,0.4551023370590797,0.5446944404122515,0.6324865727972131,0.7206270866598926,,10,3.0,1.0,64.0,0,0,1.1.0
12,4,0.4613441718681957,0.5490782406735375,0.6369865002177384,0.7210044999274206,,10,3.0,1.0,64.0,0,0,1.1.0
12,5,0.45687327623748,0.5455653941065467,0.6359413557845841,0.7204819277108434,,10,3.0,1.0,64.0,0,0,1.1.0
12,6,0.4595732326897953,0.5486427638263899,0.6373058499056466,0.7233851066918275,,10,3.0,1.0,64.0,0,0,1.1.0
12,7,0.4547539555813616,0.5402816083611555,0.6335317172303673,0.7203367687617942,,10,3.0,1.0,64.0,0,0,1.1.0
12,8,0.4367542458992597,0.5255915227173755,0.6179416461024823,0.7042241254173319,,10,3.0,1.0,64.0,0,0,1.1.0
12,9,0.4373348816954565,0.5259689359849035,0.6150094353316882,0.7035563942517056,,10,3.0,1.0,64.0,0,0,1.1.0
12,10,0.4371316591667877,0.5219915807809552,0.6140513862679634,0.7012338510669183,,10,3.0,1.0,64.0,0,0,1.1.0
12,11,0.4305995064595732,0.5202206416025548,0.6103643489621136,0.6980693859776456,,10,3.0,1.0,64.0,0,0,1.1.0
12,12,0.4341413848163739,0.5186529249528233,0.6079837421977065,0.6960661924807664,,10,3.0,1.0,64.0,0,0,1.1.0
12,13,0.42316736826825374,0.5090143707359559,0.597793583974452,0.6862244157352301,,10,3.0,1.0,64.0,0,0,1.1.0
12,14,0.4259834518798084,0.513020757729714,0.6041515459428074,0.6946726665698941,,10,3.0,1.0,64.0,0,0,1.1.0
13,0,0.4416025547975033,0.5323559297430687,0.6302220931920453,0.7172303672521411,,10,3.0,3.0,64.0,0,0,1.1.0
13,1,0.4593119465815068,0.5483524459282915,0.6436347800841922,0.7294527507620845,,10,3.0,3.0,64.0,0,0,1.1.0
13,2,0.4714762665118304,0.5626651183045435,0.6553345913775585,0.7411525620554508,,10,3.0,3.0,64.0,0,0,1.1.0
13,3,0.4853824938307447,0.5751197561329656,0.6664827986645376,0.7502685440557411,,10,3.0,3.0,64.0,0,0,1.1.0
13,4,0.4856147481492234,0.5765423138336478,0.666598925823777,0.7521556103933807,,10,3.0,3.0,64.0,0,0,1.1.0
13,5,0.4763536071998839,0.5676005225722166,0.6589345333139788,0.7415009435331689,,10,3.0,3.0,64.0,0,0,1.1.0
13,6,0.4767310204674118,0.5688198577442299,0.6590506604732181,0.7451008854695892,,10,3.0,3.0,64.0,0,0,1.1.0
13,7,0.4803599941936421,0.5687908259544201,0.6607054724923792,0.7475976193932355,,10,3.0,3.0,64.0,0,0,1.1.0
13,8,0.4825954420089998,0.5723907678908404,0.6620989984032516,0.7448686311511105,,10,3.0,3.0,64.0,0,0,1.1.0
13,9,0.4738568732762375,0.5623748004064449,0.6530991435622006,0.7392364639280011,,10,3.0,3.0,64.0,0,0,1.1.0
13,10,0.4729859195819423,0.5618231964000581,0.6523443170271447,0.738336478443896,,10,3.0,3.0,64.0,0,0,1.1.0
13,11,0.4723181884163158,0.559094208157933,0.6512701408041806,0.736159094208158,,10,3.0,3.0,64.0,0,0,1.1.0
13,12,0.4773697198432284,0.5651618522281898,0.656147481492234,0.7395558136159094,,10,3.0,3.0,64.0,0,0,1.1.0
13,13,0.4714182029322108,0.5570039192916243,0.6456089417912614,0.729917259399042,,10,3.0,3.0,64.0,0,0,1.1.0
13,14,0.4657570039192917,0.5514007838583249,0.6393671069821455,0.7260850631441428,,10,3.0,3.0,64.0,0,0,1.1.0
14,0,0.3933807519233561,0.4862824793148498,0.5851066918275512,0.6868050515314269,,10,3.0,8.0,64.0,0,0,1.1.0
14,1,0.3941646102482218,0.4865437654231383,0.5888808245028306,0.6877340688053418,,10,3.0,8.0,64.0,0,0,1.1.0
14,2,0.4404412832051096,0.5327043112207868,0.6295543620264189,0.7241689650166933,,10,3.0,8.0,64.0,0,0,1.1.0
14,3,0.4549281463202207,0.5482072869792423,0.6456089417912614,0.7360429670489186,,10,3.0,8.0,64.0,0,0,1.1.0
14,4,0.4601248366961823,0.5517201335462332,0.6459573232689795,0.7340978371316592,,10,3.0,8.0,64.0,0,0,1.1.0
14,5,0.4652924952823341,0.5539555813615911,0.6464798954855567,0.7362171577877776,,10,3.0,8.0,64.0,0,0,1.1.0
14,6,0.4659021628683409,0.5559297430686602,0.6502249963710263,0.7367687617941646,,10,3.0,8.0,64.0,0,0,1.1.0
14,7,0.4683988967919872,0.5604296704891857,0.6523152852373348,0.7412106256350705,,10,3.0,8.0,64.0,0,0,1.1.0
14,8,0.4620119030338221,0.5520975468137611,0.6463928001161272,0.7365945710553056,,10,3.0,8.0,64.0,0,0,1.1.0
14,9,0.4606764407025693,0.5532297866163449,0.6501379010015967,0.7391203367687618,,10,3.0,8.0,64.0,0,0,1.1.0
14,10,0.4602119320656118,0.5534910727246335,0.6486863115111047,0.7363623167368268,,10,3.0,8.0,64.0,0,0,1.1.0
14,11,0.4649150820148062,0.5565394106546668,0.6491217883582523,0.7374945565394107,,10,3.0,8.0,64.0,0,0,1.1.0
14,12,0.4628828567281173,0.5542749310494992,0.6475831034983307,0.7370300479024532,,10,3.0,8.0,64.0,0,0,1.1.0
14,13,0.4623602845115402,0.5559297430686602,0.6501088692117869,0.7379300333865583,,10,3.0,8.0,64.0,0,0,1.1.0
14,14,0.4598925823777036,0.550994338800987,0.6457541007403106,0.735055886195384,,10,3.0,8.0,64.0,0,0,1.1.0
15,0,0.4704020902888663,0.5601393525910873,0.6476411670779504,0.729539846131514,,1,1.0,1.0,,0,0,1.1.0
15,1,0.4526056031354333,0.5419944839599361,0.6345187980839019,0.7217883582522863,,1,1.0,1.0,,0,0,1.1.0
15,2,0.43974452024967337,0.5310785309914356,0.6247931484976049,0.714501379010016,,1,1.0,1.0,,0,0,1.1.0
15,3,0.4196545217012629,0.511743358978081,0.6073450428218901,0.7006822470605313,,1,1.0,1.0,,0,0,1.1.0
15,4,0.4132965597329075,0.5057628102772536,0.601277398751633,0.6922049644360575,,1,1.0,1.0,,0,0,1.1.0
15,5,0.4116127159239367,0.502946726665699,0.6008128901146755,0.6924952823341559,,1,1.0,1.0,,0,0,1.1.0
15,6,0.4039192916243287,0.4954274931049499,0.5912904630570475,0.6850050805632167,,1,1.0,1.0,,0,0,1.1.0
15,7,0.3964871534330092,0.4866598925823777,0.5853970097256496,0.6819277108433734,,1,1.0,1.0,,0,0,1.1.0
15,8,0.385687327623748,0.4764407025693134,0.5718972274640731,0.6645667005370881,,1,1.0,1.0,,0,0,1.1.0
15,9,0.3799680650312092,0.469182755116853,0.5668747278269706,0.6638989693714618,,1,1.0,1.0,,0,0,1.1.0
15,10,0.3788938888082449,0.4702569313398171,0.5687908259544201,0.6663086079256786,,1,1.0,1.0,,0,0,1.1.0
15,11,0.374684279285818,0.4630860792567862,0.5637973581071273,0.6601829002758021,,1,1.0,1.0,,0,0,1.1.0
15,12,0.37494556539410656,0.4661344171868196,0.5642038031644651,0.6601538684859921,,1,1.0,1.0,,0,0,1.1.0
15,13,0.3735230076934243,0.4644215415880389,0.5589780809986936,0.6514733633328494,,1,1.0,1.0,,0,0,1.1.0
15,14,0.3622877050370155,0.4519088401799971,0.5501524168965016,0.6468573087530847,,1,1.0,1.0,,0,0,1.1.0
16,0,0.5009435331688199,0.5908259544200899,0.6775148787922776,0.7574103643489621,,1,1.0,3.0,,0,0,1.1.0
16,1,0.5007693424299609,0.5923065757003919,0.6773697198432284,0.7581651908840179,,1,1.0,3.0,,0,0,1.1.0
16,2,0.501843518652925,0.589722746407316,0.6777181013209465,0.7549136304253157,,1,1.0,3.0,,0,0,1.1.0
16,3,0.4912178835825229,0.5798229060821599,0.6669473073014951,0.7488169545652491,,1,1.0,3.0,,0,0,1.1.0
16,4,0.4877631005951517,0.577064886050225,0.6658150674989113,0.7471621425460879,,1,1.0,3.0,,0,0,1.1.0
16,5,0.4827696327478589,0.5746552474960082,0.6632022064160256,0.7441138046160546,,1,1.0,3.0,,0,0,1.1.0
16,6,0.475047176658441,0.5619393235592974,0.6496733923646393,0.7338365510233706,,1,1.0,3.0,,0,0,1.1.0
16,7,0.47835680069676295,0.5662650602409639,0.6517056176513282,0.7361881259979678,,1,1.0,3.0,,0,0,1.1.0
16,8,0.4651473363332849,0.5545942807374075,0.6403251560458703,0.7238205835389752,,1,1.0,3.0,,0,0,1.1.0
16,9,0.4645957323268979,0.5559297430686602,0.6468282769632748,0.7275656844244448,,1,1.0,3.0,,0,0,1.1.0
16,10,0.4589635651037887,0.5471331107562781,0.6345478298737117,0.720917404557991,,1,1.0,3.0,,0,0,1.1.0
16,11,0.4555087821164175,0.5424880243867034,0.6336188125997968,0.7214109449847583,,1,1.0,3.0,,0,0,1.1.0
16,12,0.4463637683263173,0.5365074756858761,0.626418928726956,0.7116562636086514,,1,1.0,3.0,,0,0,1.1.0
16,13,0.43930904340252575,0.5265495717811003,0.616141675134272,0.7028015677166497,,1,1.0,3.0,,0,0,1.1.0
16,14,0.4412251415299753,0.5285527652779793,0.6170126288285673,0.7032951081434169,,1,1.0,3.0,,0,0,1.1.0
17,0,0.4339381622877049,0.5259399041950936,0.6220931920452896,0.7162142546087966,,1,1.0,8.0,,0,0,1.1.0
17,1,0.4848308898243577,0.5761068369865002,0.6669182755116853,0.751749165336043,,1,1.0,8.0,,0,0,1.1.0
17,2,0.49835970387574396,0.5896356510378865,0.6798954855566846,0.7576426186674409,,1,1.0,8.0,,0,0,1.1.0
17,3,0.5065466686021193,0.5959936130062419,0.6831760778051967,0.7635070402090289,,1,1.0,8.0,,0,0,1.1.0
17,4,0.5046886340542894,0.5937871969806938,0.6823631876905211,0.7608361155465234,,1,1.0,8.0,,0,0,1.1.0
17,5,0.5050079837421977,0.5946871824647989,0.6814922339962258,0.7607780519669037,,1,1.0,8.0,,0,0,1.1.0
17,6,0.5082014806212803,0.5986064740891276,0.6854986209899839,0.763855421686747,,1,1.0,8.0,,0,0,1.1.0
17,7,0.4994629118885179,0.5882130933372043,0.6776600377413268,0.7601103208012774,,1,1.0,8.0,,0,0,1.1.0
17,8,0.4987080853534621,0.5883582522862535,0.6782406735375236,0.7559878066482799,,1,1.0,8.0,,0,0,1.1.0
17,9,0.4965307011177239,0.586413122368994,0.6740891275947162,0.7553200754826535,,1,1.0,8.0,,0,0,1.1.0
17,10,0.4886921178690666,0.5808680505153143,0.6667440847728262,0.7470460153868486,,1,1.0,8.0,,0,0,1.1.0
17,11,0.4923210915952969,0.5794454928146321,0.6675860066773116,0.7480330962403832,,1,1.0,8.0,,0,0,1.1.0
17,12,0.4915372332704312,0.5776745536362317,0.6672666569894034,0.7494846857308753,,1,1.0,8.0,,0,0,1.1.0
17,13,0.490463057047467,0.5781680940629991,0.6636376832631732,0.7471040789664682,,1,1.0,8.0,,0,0,1.1.0
17,14,0.4816083611554653,0.5693133981709972,0.659631296269415,0.7418202932210771,,1,1.0,8.0,,0,0,1.1.0
18,0,0.5009725649586297,0.5899550007257948,0.679634199448396,0.7578458411961098,,1,3.0,1.0,,0,0,1.1.0
18,1,0.5008564377993904,0.5908259544200899,0.674843954129772,0.7565394106546669,,1,3.0,1.0,,0,0,1.1.0
18,2,0.5000725794745247,0.5928872114965887,0.6783277689069531,0.7565103788648571,,1,3.0,1.0,,0,0,1.1.0
18,3,0.4948178255189433,0.5867324720569023,0.6724923791551749,0.751923356074902,,1,3.0,1.0,,0,0,1.1.0
18,4,0.4956307156336188,0.5849325010886921,0.6700827406009581,0.7503556394251706,,1,3.0,1.0,,0,0,1.1.0
18,5,0.4805341849325011,0.5690230802728988,0.657802293511395,0.7382493830744665,,1,3.0,1.0,,0,0,1.1.0
18,6,0.48256641021919,0.5703585426041515,0.6614022354478154,0.7424299608070838,,1,3.0,1.0,,0,0,1.1.0
18,7,0.4770213383655103,0.5665844099288722,0.6575410074031064,0.7395558136159094,,1,3.0,1.0,,0,0,1.1.0
18,8,0.4664537668747278,0.5554942662215125,0.6440121933517201,0.7248947597619393,,1,3.0,1.0,,0,0,1.1.0
18,9,0.4575700391929162,0.5457686166352156,0.6329801132239803,0.7179561619973871,,1,3.0,1.0,,0,0,1.1.0
18,10,0.4545797648425026,0.5433589780809986,0.6328059224851212,0.7191174335897809,,1,3.0,1.0,,0,0,1.1.0
18,11,0.4488605022499637,0.5369139207432139,0.6247060531281754,0.7122659311946582,,1,3.0,1.0,,0,0,1.1.0
18,12,0.4461605457976484,0.5352881405138626,0.6260415154594281,0.7134562345768617,,1,3.0,1.0,,0,0,1.1.0
18,13,0.4419219044854115,0.5295398461315141,0.6199738713891711,0.7033531717230367,,1,3.0,1.0,,0,0,1.1.0
18,14,0.4375671360139353,0.526230222093192,0.6119030338220351,0.701291914646538,,1,3.0,1.0,,0,0,1.1.0
19,0,0.4229931775293947,0.5145304107998258,0.6103353171723037,0.7073305269269851,,1,3.0,3.0,,0,0,1.1.0
19,1,0.4730730149513718,0.5675134272027871,0.6600087095369429,0.7453331397880679,,1,3.0,3.0,,0,0,1.1.0
19,2,0.4909856292640442,0.5820583538975178,0.6740020322252867,0.7581942226738279,,1,3.0,3.0,,0,0,1.1.0
19,3,0.4965016693279141,0.5875453621715778,0.6788213093337204,0.7588909856292639,,1,3.0,3.0,,0,0,1.1.0
19,4,0.4971694004935404,0.5876905211206271,0.6768761794164609,0.7595877485847002,,1,3.0,3.0,,0,0,1.1.0
19,5,0.4954274931049499,0.5896937146175062,0.6758890985629264,0.7574974597183917,,1,3.0,3.0,,0,0,1.1.0
19,6,0.5002467702133837,0.5918130352736246,0.6792858179706779,0.7591232399477428,,1,3.0,3.0,,0,0,1.1.0
19,7,0.4945855712004645,0.5847583103498329,0.6756568442444477,0.7590361445783133,,1,3.0,3.0,,0,0,1.1.0
19,8,0.496327478589055,0.5906227318914211,0.6776890695311366,0.7590071127885034,,1,3.0,3.0,,0,0,1.1.0
19,9,0.4894759761939324,0.5837712294962984,0.6732472056902308,0.7555813615909421,,1,3.0,3.0,,0,0,1.1.0
19,10,0.4882276092321092,0.5815357816809407,0.6708956307156336,0.7538394542023515,,1,3.0,3.0,,0,0,1.1.0
19,11,0.4856728117288431,0.5761939323559297,0.6648570184351865,0.7498040354187836,,1,3.0,3.0,,0,0,1.1.0
19,12,0.4879082595442009,0.575961678037451,0.6638989693714618,0.7468427928581797,,1,3.0,3.0,,0,0,1.1.0
19,13,0.4843663811874002,0.5740455799100015,0.6636086514733633,0.7473653650747568,,1,3.0,3.0,,0,0,1.1.0
19,14,0.4784729278560023,0.5645231528523733,0.6555378139062273,0.7410364348962114,,1,3.0,3.0,,0,0,1.1.0
20,0,0.3965742488024387,0.4898824212512701,0.5889679198722602,0.6867469879518072,,1,3.0,8.0,,0,0,1.1.0
20,1,0.4321962548991145,0.5245463782842212,0.6183480911598199,0.7109304688634054,,1,3.0,8.0,,0,0,1.1.0
20,2,0.4486572797212948,0.5424009290172739,0.637247786326027,0.7291334010741762,,1,3.0,8.0,,0,0,1.1.0
20,3,0.4548120191609813,0.5463492524314124,0.6434315575555233,0.732646247641167,,1,3.0,8.0,,0,0,1.1.0
20,4,0.4669182755116853,0.5608070837567136,0.6542313833647845,0.739991290463057,,1,3.0,8.0,,0,0,1.1.0
20,5,0.4617796487153433,0.5534620409348237,0.6485121207722456,0.7370881114820729,,1,3.0,8.0,,0,0,1.1.0
20,6,0.4600377413267528,0.5565394106546668,0.6526636667150529,0.7405138626796341,,1,3.0,8.0,,0,0,1.1.0
20,7,0.4591087240528378,0.5544200899985484,0.6497024241544491,0.7356655537813906,,1,3.0,8.0,,0,0,1.1.0
20,8,0.4540281608361155,0.5469008564377994,0.6415444912178836,0.733778487443751,,1,3.0,8.0,,0,0,1.1.0
20,9,0.4557700682247061,0.5494556539410654,0.6472927856002323,0.7355203948323414,,1,3.0,8.0,,0,0,1.1.0
20,10,0.45687327623748,0.5507911162723181,0.6474379445492815,0.7361300624183481,,1,3.0,8.0,,0,0,1.1.0
20,11,0.4577732617215851,0.5485847002467702,0.6446799245173465,0.7354913630425316,,1,3.0,8.0,,0,0,1.1.0
20,12,0.4531281753520104,0.5473943968645667,0.6425025402816084,0.7315430396283931,,1,3.0,8.0,,0,0,1.1.0
20,13,0.4484830889824358,0.5393235592974307,0.6356220060966759,0.7266947307301496,,1,3.0,8.0,,0,0,1.1.0
20,14,0.4492959790971113,0.5393525910872405,0.6353316881985774,0.7260850631441428,,1,3.0,8.0,,0,0,1.1.0
21,0,0.4701408041805778,0.5646973435912324,0.6556829728552765,0.7437073595587168,,1,8.0,1.0,,0,0,1.1.0
21,1,0.5022789955000726,0.5930904340252576,0.6818406154739439,0.7622586732472056,,1,8.0,1.0,,0,0,1.1.0
21,2,0.5145013790100159,0.6062708665989258,0.6923501233851067,0.7723036725214109,,1,8.0,1.0,,0,0,1.1.0
21,3,0.5112788503411235,0.6007257947452459,0.6866308607925679,0.7674553636231674,,1,8.0,1.0,,0,0,1.1.0
21,4,0.5145594425896356,0.6095224270576282,0.6936565539265496,0.7722165771519814,,1,8.0,1.0,,0,0,1.1.0
21,5,0.5164174771374656,0.6056611990129191,0.6910436928436638,0.7680650312091741,,1,8.0,1.0,,0,0,1.1.0
21,6,0.506604732181739,0.598345187980839,0.6833212367542459,0.7636521991580781,,1,8.0,1.0,,0,0,1.1.0
21,7,0.5084047031499492,0.599622586732472,0.6860211932065612,0.7639715488459864,,1,8.0,1.0,,0,0,1.1.0
21,8,0.5068660182900275,0.5967194077514879,0.6833502685440558,0.7639425170561766,,1,8.0,1.0,,0,0,1.1.0
21,9,0.5057047466976339,0.5919001306430541,0.6767310204674118,0.7565103788648571,,1,8.0,1.0,,0,0,1.1.0
21,10,0.5004209609522428,0.5895775874582668,0.6737988096966178,0.7547975032660763,,1,8.0,1.0,,0,0,1.1.0
21,11,0.4982435767165046,0.5849615328785019,0.6704311220786762,0.7499782261576426,,1,8.0,1.0,,0,0,1.1.0
21,12,0.4950210480476122,0.5847583103498329,0.6697053273334301,0.7494846857308753,,1,8.0,1.0,,0,0,1.1.0
21,13,0.498533894614603,0.5839163884453477,0.6705182174481057,0.7512846566990855,,1,8.0,1.0,,0,0,1.1.0
21,14,0.4917404557991,0.5770358542604151,0.6630570474669764,0.7442879953549136,,1,8.0,1.0,,0,0,1.1.0
22,0,0.4200899985484105,0.5110756278124546,0.608245028305995,0.7046886340542895,,1,8.0,3.0,,0,0,1.1.0
22,1,0.4470605312817535,0.5409493395267818,0.6373639134852663,0.7285817970677892,,1,8.0,3.0,,0,0,1.1.0
22,2,0.4647118594861373,0.5595587167948904,0.652460444186384,0.7387429235012338,,1,8.0,3.0,,0,0,1.1.0
22,3,0.4652634634925243,0.5597038757439396,0.6557991000145159,0.7419944839599362,,1,8.0,3.0,,0,0,1.1.0
22,4,0.4692117869066628,0.5638554216867471,0.6548410509507911,0.7426622151255625,,1,8.0,3.0,,0,0,1.1.0
22,5,0.4708085353462041,0.5668166642473509,0.6609667586006678,0.7443460589345333,,1,8.0,3.0,,0,0,1.1.0
22,6,0.4748729859195819,0.5675714907824068,0.6625054434605894,0.7496588764697344,,1,8.0,3.0,,0,0,1.1.0
22,7,0.4637828422122224,0.5597038757439396,0.6536797793583975,0.7395267818260995,,1,8.0,3.0,,0,0,1.1.0
22,8,0.4734213964290898,0.5642908985338946,0.6576861663521556,0.7463202206416025,,1,8.0,3.0,,0,0,1.1.0
22,9,0.4621280301930614,0.5569458557120046,0.6515023951226593,0.7398751633038176,,1,8.0,3.0,,0,0,1.1.0
22,10,0.4598925823777036,0.5537233270431122,0.6496733923646393,0.7386848599216141,,1,8.0,3.0,,0,0,1.1.0
22,11,0.4707795035563943,0.5622006096675861,0.6561184497024242,0.7425170561765133,,1,8.0,3.0,,0,0,1.1.0
22,12,0.4566700537088112,0.5509072434315575,0.6440992887211496,0.7334881695456524,,1,8.0,3.0,,0,0,1.1.0
22,13,0.4593119465815068,0.5526491508201481,0.6462766729568878,0.733575264915082,,1,8.0,3.0,,0,0,1.1.0
22,14,0.45138626796342,0.542749310494992,0.637247786326027,0.7282043838002613,,1,8.0,3.0,,0,0,1.1.0
23,0,0.4060676440702569,0.4995209754681376,0.5975613296559733,0.6959500653215269,,1,8.0,8.0,,0,0,1.1.0
23,1,0.4357381332559152,0.5296850050805633,0.6238931630134997,0.7160400638699376,,1,8.0,8.0,,0,0,1.1.0
23,2,0.4516765858615184,0.5471331107562781,0.6396283930904341,0.7309624038321962,,1,8.0,8.0,,0,0,1.1.0
23,3,0.4604151545942807,0.5516330381768036,0.6471476266511831,0.7373784293801713,,1,8.0,8.0,,0,0,1.1.0
23,4,0.4678182609957904,0.5651618522281898,0.6575990709827261,0.743852518507766,,1,8.0,8.0,,0,0,1.1.0
23,5,0.4704311220786762,0.5638263898969371,0.6548700827406011,0.7413848163739295,,1,8.0,8.0,,0,0,1.1.0
23,6,0.4643344462186094,0.5596167803745101,0.6518217448105675,0.7388590506604732,,1,8.0,8.0,,0,0,1.1.0
23,7,0.4616635215561039,0.5525910872405284,0.6494701698359704,0.7405138626796341,,1,8.0,8.0,,0,0,1.1.0
23,8,0.4687763100595152,0.5617941646102482,0.6564668311801423,0.7446944404122514,,1,8.0,8.0,,0,0,1.1.0
23,9,0.4658150674989113,0.5571781100304833,0.6532152707214399,0.7429815648134708,,1,8.0,8.0,,0,0,1.1.0
23,10,0.4666569894033967,0.5613296559732908,0.6527507620844825,0.7431557555523298,,1,8.0,8.0,,0,0,1.1.0
23,11,0.4615473943968645,0.5553200754826535,0.6477572942371898,0.738888082450283,,1,8.0,8.0,,0,0,1.1.0
23,12,0.4611409493395268,0.5553200754826535,0.6491798519378721,0.7391493685585716,,1,8.0,8.0,,0,0,1.1.0
23,13,0.4621570619828713,0.5543329946291189,0.648076643925098,0.7373203658005516,,1,8.0,8.0,,0,0,1.1.0
23,14,0.4557991000145159,0.5481492233996226,0.6407025693133982,0.7318623893163013,,1,8.0,8.0,,0,0,1.1.0
24,0,0.457802293511395,0.548062128030193,0.6362026418928727,0.7252721730294672,0.2966352336038843,1,1.0,1.0,128.0,0,0,1.1.0
24,1,0.4309188561474815,0.5212077224560894,0.6140223544781536,0.7035273624618957,0.2836422142980265,1,1.0,1.0,128.0,0,0,1.1.0
24,2,0.4101901582232544,0.5029757584555088,0.5982000290317898,0.6919436783277689,0.2701753978118304,1,1.0,1.0,128.0,0,0,1.1.0
24,3,0.3941936420380317,0.4849760487734069,0.580751923356075,0.6780084192190449,0.258220809957768,1,1.0,1.0,128.0,0,0,1.1.0
24,4,0.38679053563652205,0.4792858179706779,0.5784874437509072,0.6719698069385978,0.25754966115085115,1,1.0,1.0,128.0,0,0,1.1.0
24,5,0.3780809986935695,0.4691537233270432,0.5675424589925969,0.6621570619828713,0.25731666865002245,1,1.0,1.0,128.0,0,0,1.1.0
24,6,0.3722165771519814,0.4627667295688779,0.5599070982726085,0.6559442589635651,0.2507468843260673,1,1.0,1.0,128.0,0,0,1.1.0
24,7,0.3661779648715343,0.4552765277979388,0.5529685005080563,0.6537088111482073,0.24581157931120454,1,1.0,1.0,128.0,0,0,1.1.0
24,8,0.3536942952533024,0.44459282914791703,0.5483234141384816,0.6465669908549863,0.2392438892764476,1,1.0,1.0,128.0,0,0,1.1.0
24,9,0.3558136159094208,0.4454637828422122,0.5472492379155175,0.6453766874727827,0.24349261106381065,1,1.0,1.0,128.0,0,0,1.1.0
24,10,0.3558716794890405,0.44386703440267095,0.5437073595587167,0.6411380461605458,0.2506526955186836,1,1.0,1.0,128.0,0,0,1.1.0
24,11,0.3461750616925533,0.4369865002177384,0.5358687763100595,0.6380897082305124,0.2349155588059605,1,1.0,1.0,128.0,0,0,1.1.0
24,12,0.35276527797938745,0.4412251415299753,0.539817099724198,0.6386122804470895,0.24056336998558936,1,1.0,1.0,128.0,0,0,1.1.0
24,13,0.3482363187690521,0.43762519959355495,0.537436492959791,0.6353026564087676,0.2420644488555481,1,1.0,1.0,128.0,0,0,1.1.0
24,14,0.3409493395267818,0.4285382493830744,0.5277108433734939,0.6256641021919002,0.2329888022851873,1,1.0,1.0,128.0,0,0,1.1.0
24,15,0.33383655102337056,0.4247060531281753,0.5215561039338075,0.6215415880389026,0.2387981600507895,1,1.0,1.0,128.0,0,0,1.1.0
24,16,0.3344462186093773,0.4193932355929743,0.5180142255770068,0.6198287124401219,0.23207850938931035,1,1.0,1.0,128.0,0,0,1.1.0
24,17,0.3328204383800261,0.4228770503701553,0.5216722310930468,0.6236318769052112,0.234700923825938,1,1.0,1.0,128.0,0,0,1.1.0
24,18,0.3301785455073305,0.418725504427348,0.5173174626215706,0.6170416606183772,0.23390615059217085,1,1.0,1.0,128.0,0,0,1.1.0
24,19,0.33383655102337056,0.42162868340833215,0.5169400493540427,0.6164900566119901,0.2289902719894125,1,1.0,1.0,128.0,0,0,1.1.0
25,0,0.4929597909711134,0.5830454347510524,0.6705762810277254,0.7514588474379446,0.31464355872090866,1,1.0,3.0,128.0,0,0,1.1.0
25,1,0.4913340107417623,0.5824647989548556,0.6694730730149514,0.7511394977500363,0.2978388029611611,1,1.0,3.0,128.0,0,0,1.1.0
25,2,0.4859921614167513,0.5776745536362317,0.6665408622441573,0.7444912178835825,0.29858921665011506,1,1.0,3.0,128.0,0,0,1.1.0
25,3,0.4761213528814051,0.5661199012919147,0.6555668456960372,0.7385977645521846,0.286723159303209,1,1.0,3.0,128.0,0,0,1.1.0
25,4,0.4773987516330382,0.5641167077950355,0.6517927130207577,0.7327914065902162,0.2792036405944139,1,1.0,3.0,128.0,0,0,1.1.0
25,5,0.463492524314124,0.5507040209028886,0.6395412977210045,0.7247496008128901,0.27660113883920545,1,1.0,3.0,128.0,0,0,1.1.0
25,6,0.4613151400783858,0.551574974597184,0.6402090288866309,0.7225141529975323,0.27869447557339044,1,1.0,3.0,128.0,0,0,1.1.0
25,7,0.4567861808680505,0.5446073450428219,0.6332704311220787,0.7180142255770068,0.273087978028895,1,1.0,3.0,128.0,0,0,1.1.0
25,8,0.4475831034983307,0.5364784438960661,0.6246189577587459,0.7098853244302511,0.2565634864444192,1,1.0,3.0,128.0,0,0,1.1.0
25,9,0.4500508056321672,0.5412396574248802,0.6277834228480186,0.712294962984468,0.258703811431382,1,1.0,3.0,128.0,0,0,1.1.0
25,10,0.4494121062563507,0.5339817099724198,0.6217448105675715,0.7059370010161127,0.2565696107013091,1,1.0,3.0,128.0,0,0,1.1.0
25,11,0.4364929597909712,0.5234141384816374,0.6129772100449993,0.6968790825954421,0.25364743939153755,1,1.0,3.0,128.0,0,0,1.1.0
25,12,0.4283350268544056,0.5190303382203513,0.6101901582232545,0.6954274931049499,0.24947298517913136,1,1.0,3.0,128.0,0,0,1.1.0
25,13,0.4291479169690812,0.5164174771374656,0.6083321236754246,0.6950791116272318,0.25175447402095835,1,1.0,3.0,128.0,0,0,1.1.0
25,14,0.4273769777906808,0.5120627086659892,0.6006386993758165,0.6857308753084628,0.24797230154226502,1,1.0,3.0,128.0,0,0,1.1.0
25,15,0.4164900566119901,0.5016112643344462,0.5912614312672376,0.679808390187255,0.24213159760006,1,1.0,3.0,128.0,0,0,1.1.0
25,16,0.4136159094208158,0.4956307156336188,0.5853970097256496,0.6728988242125127,0.2380700151250069,1,1.0,3.0,128.0,0,0,1.1.0
25,17,0.4138771955291044,0.4980693859776455,0.5872550442734794,0.6741762229641457,0.23959687977550406,1,1.0,3.0,128.0,0,0,1.1.0
25,18,0.41265786035709096,0.4978080998693569,0.5855712004645086,0.6730439831615619,0.2369723561246325,1,1.0,3.0,128.0,0,0,1.1.0
25,19,0.40780955145884745,0.4918275511685296,0.5810132094643635,0.6686892146900857,0.23387940943134866,1,1.0,3.0,128.0,0,0,1.1.0
26,0,0.4747278269705327,0.5674553636231674,0.661286108288576,0.7462040934823632,0.3084681333524453,1,1.0,8.0,128.0,0,0,1.1.0
26,1,0.49284366381187394,0.5847583103498329,0.6732762374800406,0.7543910582087385,0.3098562723969769,1,1.0,8.0,128.0,0,0,1.1.0
26,2,0.4957178110030484,0.5873711714327188,0.675424589925969,0.7574684279285818,0.31491347904236,1,1.0,8.0,128.0,0,0,1.1.0
26,3,0.4965887646973436,0.5890840470314995,0.6790535636521992,0.7643199303237045,0.3180864421552348,1,1.0,8.0,128.0,0,0,1.1.0
26,4,0.500740310640151,0.5924517346494411,0.6816954565248947,0.7624909275656844,0.3194065935329725,1,1.0,8.0,128.0,0,0,1.1.0
26,5,0.4975177819712585,0.5873421396429089,0.6749600812890114,0.7582232544636377,0.306722892479958,1,1.0,8.0,128.0,0,0,1.1.0
26,6,0.4939759036144578,0.5849325010886921,0.6747278269705327,0.754855566845696,0.30406689412055843,1,1.0,8.0,128.0,0,0,1.1.0
26,7,0.4877921323849616,0.5779068079547104,0.6645376687472783,0.7480040644505733,0.3014139672527024,1,1.0,8.0,128.0,0,0,1.1.0
26,8,0.4865727972129482,0.5768326317317463,0.6637538104224125,0.7486717956161998,0.29849207274205763,1,1.0,8.0,128.0,0,0,1.1.0
26,9,0.4877340688053418,0.5759907098272609,0.6660763536071999,0.7487008274060096,0.3077305618766987,1,1.0,8.0,128.0,0,0,1.1.0
26,10,0.4910727246334737,0.5801132239802583,0.6665698940339672,0.7494556539410655,0.3039401071486394,1,1.0,8.0,128.0,0,0,1.1.0
26,11,0.4875889098562927,0.5730004354768472,0.6608796632312383,0.7430686601829003,0.3059404904415369,1,1.0,8.0,128.0,0,0,1.1.0
26,12,0.4797793583974452,0.5674553636231674,0.6539700972564959,0.736507475685876,0.2957828389127929,1,1.0,8.0,128.0,0,0,1.1.0
26,13,0.4799825809261141,0.5685876034257512,0.6557410364348962,0.7387429235012338,0.2960165055612288,1,1.0,8.0,128.0,0,0,1.1.0
26,14,0.478530991435622,0.5630134997822616,0.6505733778487444,0.7361881259979678,0.292526535464664,1,1.0,8.0,128.0,0,0,1.1.0
26,15,0.4701117723907679,0.5547394396864567,0.6431412396574249,0.7266947307301496,0.28838758992667163,1,1.0,8.0,128.0,0,0,1.1.0
26,16,0.4672956887792133,0.555407170852083,0.6437509072434315,0.7299753229786616,0.27858390598400457,1,1.0,8.0,128.0,0,0,1.1.0
26,17,0.4734794600087096,0.5594425896356511,0.6474960081289012,0.7297140368703731,0.29211116983397306,1,1.0,8.0,128.0,0,0,1.1.0
26,18,0.4683118014225577,0.5520975468137611,0.6402670924662506,0.7216722310930469,0.2849054295024452,1,1.0,8.0,128.0,0,0,1.1.0
26,19,0.4693859776455218,0.5542749310494992,0.6389896937146176,0.7210915952968501,0.28634335480304896,1,1.0,8.0,128.0,0,0,1.1.0
27,0,0.4952823341559007,0.5851937871969807,0.6738278414864276,0.7513136884888953,0.31123161153733336,1,3.0,1.0,128.0,0,0,1.1.0
27,1,0.4861082885759907,0.5757294237189723,0.6665118304543475,0.7471040789664682,0.2982688404026628,1,3.0,1.0,128.0,0,0,1.1.0
27,2,0.4843373493975904,0.574132675279431,0.6628247931484976,0.7449266947307301,0.3010699208006675,1,3.0,1.0,128.0,0,0,1.1.0
27,3,0.4774858470024677,0.5655682972855276,0.6557991000145159,0.7385687327623748,0.28943760844508665,1,3.0,1.0,128.0,0,0,1.1.0
27,4,0.4726375381042242,0.5641167077950355,0.6535055886195384,0.7372332704311221,0.2802712591815497,1,3.0,1.0,128.0,0,0,1.1.0
27,5,0.4630280156771665,0.5518072289156627,0.6392509798229061,0.724401219335172,0.28242831513163763,1,3.0,1.0,128.0,0,0,1.1.0
27,6,0.4629409203077371,0.5512846566990856,0.6409348236318769,0.7266656989403397,0.2806986885502488,1,3.0,1.0,128.0,0,0,1.1.0
27,7,0.4558281318043258,0.5436492959790971,0.632660763536072,0.7187109885324431,0.2750195301922689,1,3.0,1.0,128.0,0,0,1.1.0
27,8,0.4454637828422122,0.5330817244883147,0.6245318623893164,0.7127885034112353,0.260019098430758,1,3.0,1.0,128.0,0,0,1.1.0
27,9,0.4483669618231964,0.5351720133546233,0.6217157787777616,0.7088982435767165,0.255102296644174,1,3.0,1.0,128.0,0,0,1.1.0
27,10,0.4448831470460154,0.5340978371316591,0.6244157352300771,0.7074466540862244,0.2644599774699418,1,3.0,1.0,128.0,0,0,1.1.0
27,11,0.4398896791987226,0.5256495862969952,0.6135288140513863,0.7026564087676005,0.2547175344088126,1,3.0,1.0,128.0,0,0,1.1.0
27,12,0.4359703875743939,0.5228625344752504,0.6105385397009726,0.6976339091304979,0.25125719630751403,1,3.0,1.0,128.0,0,0,1.1.0
27,13,0.4344317027144724,0.5215851357236173,0.6084772826244738,0.6942952533023661,0.2530216692353708,1,3.0,1.0,128.0,0,0,1.1.0
27,14,0.4278124546378284,0.5152271737552621,0.6029031789809842,0.6887501814486863,0.25103475372165995,1,3.0,1.0,128.0,0,0,1.1.0
27,15,0.4179706778922921,0.5028015677166497,0.5931194658150675,0.6803599941936421,0.24516630687103805,1,3.0,1.0,128.0,0,0,1.1.0
27,16,0.4169835970387574,0.4984758310349833,0.5877776164900567,0.6753084627667296,0.2366310633562365,1,3.0,1.0,128.0,0,0,1.1.0
27,17,0.41669327914065896,0.4999274205254754,0.5880679343881551,0.6775439105820874,0.24243427951154495,1,3.0,1.0,128.0,0,0,1.1.0
27,18,0.4100449992742053,0.4921759326462477,0.5813906227318915,0.6731601103208013,0.23762623329472124,1,3.0,1.0,128.0,0,0,1.1.0
27,19,0.4125707649876615,0.4940339671940775,0.5825518943242851,0.6728988242125127,0.23877102423603574,1,3.0,1.0,128.0,0,0,1.1.0
28,0,0.4693569458557121,0.5617941646102482,0.6564377993903324,0.7459428073740746,0.30606818115967604,1,3.0,3.0,128.0,0,0,1.1.0
28,1,0.4894179126143127,0.5799390332413993,0.6675860066773116,0.7518362607054725,0.3129181338762553,1,3.0,3.0,128.0,0,0,1.1.0
28,2,0.4926404412832051,0.5869937581651908,0.6762955436202642,0.7589200174190739,0.31338056161526023,1,3.0,3.0,128.0,0,0,1.1.0
28,3,0.5000435476847148,0.5859486137320365,0.6754826535055887,0.7573523007693425,0.31685998191549464,1,3.0,3.0,128.0,0,0,1.1.0
28,4,0.499637102627377,0.5897808099869357,0.6787632457541007,0.7609522427057628,0.3183519970149973,1,3.0,3.0,128.0,0,0,1.1.0
28,5,0.4942662215125562,0.5844679924517346,0.6747278269705327,0.7581651908840179,0.3077910418838096,1,3.0,3.0,128.0,0,0,1.1.0
28,6,0.4959790971113369,0.5846712149804035,0.6733633328494701,0.7562200609667586,0.3046934083245386,1,3.0,3.0,128.0,0,0,1.1.0
28,7,0.4903469298882276,0.5772681085788939,0.6667150529830164,0.7517201335462331,0.3026396671225136,1,3.0,3.0,128.0,0,0,1.1.0
28,8,0.4866889243721875,0.5761358687763101,0.6643054144287995,0.7497169400493541,0.3010360615773169,1,3.0,3.0,128.0,0,0,1.1.0
28,9,0.4925533459137756,0.5793293656553926,0.6692117869066628,0.7498330672085934,0.3065279422298417,1,3.0,3.0,128.0,0,0,1.1.0
28,10,0.48935984903469304,0.5801422557700682,0.6689795325881841,0.7505298301640296,0.29880210559149234,1,3.0,3.0,128.0,0,0,1.1.0
28,11,0.4837857453912034,0.5727972129481782,0.6608506314414284,0.7444331543039628,0.3006225554246947,1,3.0,3.0,128.0,0,0,1.1.0
28,12,0.4823051241109014,0.5662360284511541,0.6545217012628829,0.7398751633038176,0.29000440189440274,1,3.0,3.0,128.0,0,0,1.1.0
28,13,0.48311801422557704,0.5672521410944985,0.6530991435622006,0.7388590506604732,0.29603535316764945,1,3.0,3.0,128.0,0,0,1.1.0
28,14,0.4795180722891566,0.5652199158078095,0.6523733488169545,0.732646247641167,0.29294616171753,1,3.0,3.0,128.0,0,0,1.1.0
28,15,0.4680214835244593,0.55412977210045,0.6375381042241254,0.7254753955581361,0.28808749056821104,1,3.0,3.0,128.0,0,0,1.1.0
28,16,0.4659021628683409,0.5524749600812889,0.6388445347655684,0.7271011757874873,0.28107512220198666,1,3.0,3.0,128.0,0,0,1.1.0
28,17,0.4719117433589781,0.5566555378139062,0.6446799245173465,0.7310494992016258,0.2857956337893428,1,3.0,3.0,128.0,0,0,1.1.0
28,18,0.4630860792567862,0.5475395558136159,0.6354768471476266,0.7217302946726666,0.2841960370613664,1,3.0,3.0,128.0,0,0,1.1.0
28,19,0.4618957758745827,0.547887937291334,0.6357671650457251,0.7218464218319058,0.2836321446413972,1,3.0,3.0,128.0,0,0,1.1.0
29,0,0.4366671505298302,0.5294817825518944,0.6252866889243722,0.7211496588764698,0.2869035431905461,1,3.0,8.0,128.0,0,0,1.1.0
29,1,0.4528088256641022,0.5443460589345334,0.6385542168674698,0.7272753665263464,0.2895710354577742,1,3.0,8.0,128.0,0,0,1.1.0
29,2,0.4645376687472783,0.558339381622877,0.6499927420525475,0.7380751923356075,0.2973862411577427,1,3.0,8.0,128.0,0,0,1.1.0
29,3,0.4764987661489331,0.5700682247060531,0.6632893017854551,0.7503266076353607,0.30152462072708863,1,3.0,8.0,128.0,0,0,1.1.0
29,4,0.4752503991871099,0.5662360284511541,0.6580635796196835,0.7463782842212222,0.3011392707760245,1,3.0,8.0,128.0,0,0,1.1.0
29,5,0.4708375671360139,0.5639715488459863,0.6586442154158804,0.7455363623167368,0.2930964570879678,1,3.0,8.0,128.0,0,0,1.1.0
29,6,0.4694440412251416,0.5628102772535927,0.6556829728552765,0.74312672376252,0.2903198167688126,1,3.0,8.0,128.0,0,0,1.1.0
29,7,0.4737988096966178,0.5661489330817245,0.6577442299317753,0.743300914501379,0.2927453001891792,1,3.0,8.0,128.0,0,0,1.1.0
29,8,0.4676150384671215,0.5603135433299463,0.6541152562055451,0.7420815793293657,0.28634484566129825,1,3.0,8.0,128.0,0,0,1.1.0
29,9,0.4669473073014952,0.5614457831325301,0.6521701262882856,0.7427783422848019,0.2890635379289129,1,3.0,8.0,128.0,0,0,1.1.0
29,10,0.4719698069385978,0.5635070402090289,0.654318478734214,0.7403396719407751,0.2935498169900752,1,3.0,8.0,128.0,0,0,1.1.0
29,11,0.4702278995500073,0.5612425606038612,0.6523733488169545,0.7385397009725649,0.29129635127061715,1,3.0,8.0,128.0,0,0,1.1.0
29,12,0.4674118159384526,0.5593264624764117,0.6487153433009145,0.7366526346349253,0.2848216960656945,1,3.0,8.0,128.0,0,0,1.1.0
29,13,0.4689795325881841,0.5584555087821165,0.6506895050079837,0.7385397009725649,0.2893799587046975,1,3.0,8.0,128.0,0,0,1.1.0
29,14,0.4683118014225577,0.5571200464508637,0.6477863260269996,0.733778487443751,0.28208887337492305,1,3.0,8.0,128.0,0,0,1.1.0
29,15,0.4569894033967194,0.5464363478008419,0.6377413267527943,0.7274205254753956,0.2772013123175306,1,3.0,8.0,128.0,0,0,1.1.0
29,16,0.4518217448105676,0.5433299462911888,0.6325446363768327,0.7221367397300044,0.2686263948047245,1,3.0,8.0,128.0,0,0,1.1.0
29,17,0.4583248657279722,0.5462331252721729,0.6395703295108144,0.7268108578893889,0.277964594737534,1,3.0,8.0,128.0,0,0,1.1.0
29,18,0.4579184206706343,0.545507330526927,0.639454202351575,0.7267237625199594,0.277807774479273,1,3.0,8.0,128.0,0,0,1.1.0
29,19,0.4560023225431848,0.5462331252721729,0.6346349252431412,0.7228335026854406,0.275754748145054,1,3.0,8.0,128.0,0,0,1.1.0
30,0,0.4708956307156336,0.5633618812599797,0.657424880243867,0.7440267092466251,0.3067345328479043,1,8.0,1.0,128.0,0,0,1.1.0
30,1,0.4906662795761358,0.5814486863115111,0.6730439831615619,0.7570910146610539,0.31307980531516644,1,8.0,1.0,128.0,0,0,1.1.0
30,2,0.495775874582668,0.5863260269995645,0.6750471766584409,0.7591232399477428,0.3157904677780622,1,8.0,1.0,128.0,0,0,1.1.0
30,3,0.4958920017419074,0.5841776745536362,0.674669763390913,0.7578168094062999,0.3134331471188461,1,8.0,1.0,128.0,0,0,1.1.0
30,4,0.5007112788503412,0.5891130788213094,0.6771084337349398,0.7615328785019596,0.31499350466707643,1,8.0,1.0,128.0,0,0,1.1.0
30,5,0.4962984467992452,0.5885614748149224,0.6767310204674118,0.7570619828712439,0.30975174503946,1,8.0,1.0,128.0,0,0,1.1.0
30,6,0.4965307011177239,0.5875743939613877,0.674669763390913,0.7547975032660763,0.30428075337980537,1,8.0,1.0,128.0,0,0,1.1.0
30,7,0.48991145304108,0.5777035854260415,0.6698214544926695,0.7511394977500363,0.30137674208595105,1,8.0,1.0,128.0,0,0,1.1.0
30,8,0.4916243286398607,0.5813615909420816,0.6699666134417187,0.7527072143997677,0.30761817360860305,1,8.0,1.0,128.0,0,0,1.1.0
30,9,0.4915082014806213,0.5809551458847438,0.6665408622441573,0.7478298737117143,0.3058794950808316,1,8.0,1.0,128.0,0,0,1.1.0
30,10,0.4938017128755988,0.5819422267382784,0.6687763100595152,0.7507620844825084,0.3057273639537392,1,8.0,1.0,128.0,0,0,1.1.0
30,11,0.485498620989984,0.5717811003048338,0.6587313107853099,0.7428944694440412,0.30544971127427145,1,8.0,1.0,128.0,0,0,1.1.0
30,12,0.4803019306140224,0.5666715052983017,0.6538830018870664,0.7388009870808535,0.2874737627578931,1,8.0,1.0,128.0,0,0,1.1.0
30,13,0.482392219480331,0.5665844099288722,0.6548410509507911,0.7422267382784149,0.2989455316210677,1,8.0,1.0,128.0,0,0,1.1.0
30,14,0.4744084772826245,0.562752213673973,0.6497604877340688,0.7330817244883147,0.2867465399286069,1,8.0,1.0,128.0,0,0,1.1.0
30,15,0.4701988677601974,0.5559297430686602,0.6420380316446509,0.7266366671505299,0.2805730944171745,1,8.0,1.0,128.0,0,0,1.1.0
30,16,0.4697633909130498,0.55412977210045,0.641283205109595,0.7273334301059661,0.28096869749369363,1,8.0,1.0,128.0,0,0,1.1.0
30,17,0.474669763390913,0.5609522427057628,0.6474089127594717,0.7317752939468718,0.2911546952355146,1,8.0,1.0,128.0,0,0,1.1.0
30,18,0.4671214980403542,0.5525039918710989,0.6397735520394833,0.7253012048192771,0.2833362962260071,1,8.0,1.0,128.0,0,0,1.1.0
30,19,0.4645957323268979,0.5504137030047902,0.6370155320075482,0.7243431557555523,0.2792936008069771,1,8.0,1.0,128.0,0,0,1.1.0
31,0,0.435592974306866,0.5287269560168384,0.6248512120772246,0.7196109740165482,0.2869041650501966,1,8.0,3.0,128.0,0,0,1.1.0
31,1,0.4530410799825809,0.5456234576861664,0.6408477282624474,0.7332849470169835,0.2922329189034876,1,8.0,3.0,128.0,0,0,1.1.0
31,2,0.4675860066773117,0.5596167803745101,0.6527217302946726,0.7415590071127885,0.30067589391659155,1,8.0,3.0,128.0,0,0,1.1.0
31,3,0.4773987516330382,0.5669327914065903,0.6594280737407461,0.7459718391638844,0.2977849562905407,1,8.0,3.0,128.0,0,0,1.1.0
31,4,0.4766729568877922,0.5692553345913776,0.659079692263028,0.7472492379155175,0.2949274940083849,1,8.0,3.0,128.0,0,0,1.1.0
31,5,0.4700246770213384,0.5640876760052257,0.6566700537088112,0.7421106111191755,0.2975252327307044,1,8.0,3.0,128.0,0,0,1.1.0
31,6,0.4803309624038322,0.5707069240818696,0.6602409638554216,0.7460008709536943,0.29578134069488105,1,8.0,3.0,128.0,0,0,1.1.0
31,7,0.4730730149513718,0.5635651037886485,0.6565248947597621,0.7430976919727101,0.2928459264040271,1,8.0,3.0,128.0,0,0,1.1.0
31,8,0.4678763245754101,0.5632457541007403,0.6548991145304108,0.7416170706924082,0.2853657906841173,1,8.0,3.0,128.0,0,0,1.1.0
31,9,0.4767600522572217,0.5679489040499347,0.6600377413267527,0.7448105675714908,0.2947332834089298,1,8.0,3.0,128.0,0,0,1.1.0
31,10,0.4758020031934969,0.5633618812599797,0.6563507040209029,0.7456234576861663,0.2919566134437529,1,8.0,3.0,128.0,0,0,1.1.0
31,11,0.4705762810277254,0.5640296124256059,0.6550733052692699,0.7418202932210771,0.2891741816150173,1,8.0,3.0,128.0,0,0,1.1.0
31,12,0.4697633909130498,0.5619973871389171,0.6509507911162723,0.7362461895775875,0.2800494848985253,1,8.0,3.0,128.0,0,0,1.1.0
31,13,0.4717085208303092,0.5614457831325301,0.6512120772245609,0.7389751778197126,0.2915143951451691,1,8.0,3.0,128.0,0,0,1.1.0
31,14,0.4654376542313834,0.5557265205399913,0.6467121498040355,0.7337204238641313,0.28377185617784473,1,8.0,3.0,128.0,0,0,1.1.0
31,15,0.4528668892437218,0.5426622151255625,0.6402670924662506,0.7274785890550153,0.2783074338439229,1,8.0,3.0,128.0,0,0,1.1.0
31,16,0.4548991145304108,0.5469589200174191,0.637421977064886,0.7251850776600377,0.2738547340540463,1,8.0,3.0,128.0,0,0,1.1.0
31,17,0.45669908549862104,0.5459428073740746,0.6398606474089128,0.7274205254753956,0.2780810887393124,1,8.0,3.0,128.0,0,0,1.1.0
31,18,0.4525475395558136,0.5416170706924082,0.6300479024531862,0.7190593700101612,0.26904238240675266,1,8.0,3.0,128.0,0,0,1.1.0
31,19,0.4511830454347511,0.5376687472782697,0.6319640005806358,0.7228625344752504,0.2739659331697829,1,8.0,3.0,128.0,0,0,1.1.0
32,0,0.42168674698795183,0.5125852808825664,0.6098708085353463,0.707882130933372,0.2731588284627218,1,8.0,8.0,128.0,0,0,1.1.0
32,1,0.43791551749165336,0.5320365800551604,0.6290317898098418,0.724401219335172,0.2754027226110061,1,8.0,8.0,128.0,0,0,1.1.0
32,2,0.4652634634925243,0.5551749165336043,0.6500217738423574,0.7395848454057192,0.2940885920529647,1,8.0,8.0,128.0,0,0,1.1.0
32,3,0.4646247641167078,0.5557265205399913,0.6521991580780955,0.7411525620554508,0.2931543225724717,1,8.0,8.0,128.0,0,0,1.1.0
32,4,0.4697053273334301,0.5613586877631006,0.6555378139062273,0.7434170416606184,0.2974844664609083,1,8.0,8.0,128.0,0,0,1.1.0
32,5,0.4624183480911598,0.5542458992596894,0.6503120917404558,0.7387429235012338,0.27939553396807504,1,8.0,8.0,128.0,0,0,1.1.0
32,6,0.4613732036580055,0.5551749165336043,0.6500217738423574,0.7383074466540862,0.2872009360155564,1,8.0,8.0,128.0,0,0,1.1.0
32,7,0.4650892727536653,0.5568877921323849,0.6504282188996952,0.7388009870808535,0.2864287732266665,1,8.0,8.0,128.0,0,0,1.1.0
32,8,0.4695311365945711,0.5644070256931341,0.6548991145304108,0.7437944549281463,0.2839963244505886,1,8.0,8.0,128.0,0,0,1.1.0
32,9,0.4727536652634635,0.5644070256931341,0.6534184932501089,0.7433880098708086,0.2933985860954805,1,8.0,8.0,128.0,0,0,1.1.0
32,10,0.466598925823777,0.5576716504572506,0.6514152997532298,0.7390042096095224,0.2879561833054388,1,8.0,8.0,128.0,0,0,1.1.0
32,11,0.4618086805051532,0.5543620264189287,0.6472056902308028,0.736884888953404,0.2844233872282221,1,8.0,8.0,128.0,0,0,1.1.0
32,12,0.4615473943968645,0.5529394687182465,0.6503701553200755,0.7376977790680795,0.28260260050628006,1,8.0,8.0,128.0,0,0,1.1.0
32,13,0.4663376397154885,0.5577006822470605,0.6541152562055451,0.7436492959790971,0.2880408421258665,1,8.0,8.0,128.0,0,0,1.1.0
32,14,0.4571635941355784,0.547887937291334,0.6426476992306576,0.7308753084627667,0.27324820593094795,1,8.0,8.0,128.0,0,0,1.1.0
32,15,0.4504282188996952,0.5421106111191755,0.6391638844534766,0.7290463057047467,0.2740216704378356,1,8.0,8.0,128.0,0,0,1.1.0
32,16,0.4505733778487444,0.5446944404122515,0.6392800116127161,0.7278269705327334,0.2685532103034312,1,8.0,8.0,128.0,0,0,1.1.0
32,17,0.455595877485847,0.5445202496733924,0.6382929307591813,0.7297140368703731,0.2706922260831166,1,8.0,8.0,128.0,0,0,1.1.0
32,18,0.4521410944984758,0.5420235157497459,0.6361155465234432,0.7262592538830018,0.2733441834668701,1,8.0,8.0,128.0,0,0,1.1.0
32,19,0.4524894759761939,0.5402235447815358,0.6316156191029177,0.7217593264624764,0.2708945045297809,1,8.0,8.0,128.0,0,0,1.1.0
